,city,date,review_count
0,Amsterdam,2023-01-01,465
1,Groningen,2023-01-01,186
2,Rotterdam,2023-01-01,375
3,Amsterdam,2023-01-02,429
4,Groningen,2023-01-02,108
5,Rotterdam,2023-01-02,282
6,Amsterdam,2023-01-03,372
7,Groningen,2023-01-03,87
8,Rotterdam,2023-01-03,250
9,Amsterdam,2023-01-04,375
10,Groningen,2023-01-04,98
11,Rotterdam,2023-01-04,272
12,Amsterdam,2023-01-05,379
13,Groningen,2023-01-05,103
14,Rotterdam,2023-01-05,278
15,Amsterdam,2023-01-06,374
16,Groningen,2023-01-06,107
17,Rotterdam,2023-01-06,323
18,Amsterdam,2023-01-07,408
19,Groningen,2023-01-07,117
20,Rotterdam,2023-01-07,340
21,Amsterdam,2023-01-08,458
22,Groningen,2023-01-08,128
23,Rotterdam,2023-01-08,337
24,Amsterdam,2023-01-09,356
25,Groningen,2023-01-09,95
26,Rotterdam,2023-01-09,254
27,Amsterdam,2023-01-10,335
28,Groningen,2023-01-10,73
29,Rotterdam,2023-01-10,217
30,Amsterdam,2023-01-11,327
31,Groningen,2023-01-11,81
32,Rotterdam,2023-01-11,238
33,Amsterdam,2023-01-12,369
34,Groningen,2023-01-12,127
35,Rotterdam,2023-01-12,288
36,Amsterdam,2023-01-13,411
37,Groningen,2023-01-13,139
38,Rotterdam,2023-01-13,319
39,Amsterdam,2023-01-14,463
40,Groningen,2023-01-14,142
41,Rotterdam,2023-01-14,396
42,Amsterdam,2023-01-15,519
43,Groningen,2023-01-15,137
44,Rotterdam,2023-01-15,391
45,Amsterdam,2023-01-16,365
46,Groningen,2023-01-16,92
47,Rotterdam,2023-01-16,278
48,Amsterdam,2023-01-17,309
49,Groningen,2023-01-17,78
50,Rotterdam,2023-01-17,236
51,Amsterdam,2023-01-18,303
52,Groningen,2023-01-18,108
53,Rotterdam,2023-01-18,225
54,Amsterdam,2023-01-19,326
55,Groningen,2023-01-19,95
56,Rotterdam,2023-01-19,250
57,Amsterdam,2023-01-20,434
58,Groningen,2023-01-20,116
59,Rotterdam,2023-01-20,392
60,Amsterdam,2023-01-21,432
61,Groningen,2023-01-21,134
62,Rotterdam,2023-01-21,346
63,Amsterdam,2023-01-22,472
64,Groningen,2023-01-22,165
65,Rotterdam,2023-01-22,405
66,Amsterdam,2023-01-23,398
67,Groningen,2023-01-23,104
68,Rotterdam,2023-01-23,269
69,Amsterdam,2023-01-24,316
70,Groningen,2023-01-24,112
71,Rotterdam,2023-01-24,297
72,Amsterdam,2023-01-25,346
73,Groningen,2023-01-25,110
74,Rotterdam,2023-01-25,269
75,Amsterdam,2023-01-26,380
76,Groningen,2023-01-26,119
77,Rotterdam,2023-01-26,297
78,Amsterdam,2023-01-27,456
79,Groningen,2023-01-27,103
80,Rotterdam,2023-01-27,340
81,Amsterdam,2023-01-28,450
82,Groningen,2023-01-28,154
83,Rotterdam,2023-01-28,341
84,Amsterdam,2023-01-29,481
85,Groningen,2023-01-29,157
86,Rotterdam,2023-01-29,391
87,Amsterdam,2023-01-30,390
88,Groningen,2023-01-30,104
89,Rotterdam,2023-01-30,229
90,Amsterdam,2023-01-31,298
91,Groningen,2023-01-31,100
92,Rotterdam,2023-01-31,232
93,Amsterdam,2023-02-01,293
94,Groningen,2023-02-01,80
95,Rotterdam,2023-02-01,218
96,Amsterdam,2023-02-02,365
97,Groningen,2023-02-02,83
98,Rotterdam,2023-02-02,254
99,Amsterdam,2023-02-03,425
100,Groningen,2023-02-03,118
101,Rotterdam,2023-02-03,340
102,Amsterdam,2023-02-04,401
103,Groningen,2023-02-04,127
104,Rotterdam,2023-02-04,350
105,Amsterdam,2023-02-05,452
106,Groningen,2023-02-05,152
107,Rotterdam,2023-02-05,328
108,Amsterdam,2023-02-06,377
109,Groningen,2023-02-06,76
110,Rotterdam,2023-02-06,240
111,Amsterdam,2023-02-07,284
112,Groningen,2023-02-07,64
113,Rotterdam,2023-02-07,191
114,Amsterdam,2023-02-08,336
115,Groningen,2023-02-08,86
116,Rotterdam,2023-02-08,199
117,Amsterdam,2023-02-09,341
118,Groningen,2023-02-09,84
119,Rotterdam,2023-02-09,238
120,Amsterdam,2023-02-10,387
121,Groningen,2023-02-10,108
122,Rotterdam,2023-02-10,307
123,Amsterdam,2023-02-11,380
124,Groningen,2023-02-11,113
125,Rotterdam,2023-02-11,321
126,Amsterdam,2023-02-12,462
127,Groningen,2023-02-12,128
128,Rotterdam,2023-02-12,359
129,Amsterdam,2023-02-13,326
130,Groningen,2023-02-13,76
131,Rotterdam,2023-02-13,247
132,Amsterdam,2023-02-14,341
133,Groningen,2023-02-14,85
134,Rotterdam,2023-02-14,271
135,Amsterdam,2023-02-15,344
136,Groningen,2023-02-15,98
137,Rotterdam,2023-02-15,244
138,Amsterdam,2023-02-16,365
139,Groningen,2023-02-16,91
140,Rotterdam,2023-02-16,226
141,Amsterdam,2023-02-17,395
142,Groningen,2023-02-17,103
143,Rotterdam,2023-02-17,306
144,Amsterdam,2023-02-18,374
145,Groningen,2023-02-18,129
146,Rotterdam,2023-02-18,325
147,Amsterdam,2023-02-19,426
148,Groningen,2023-02-19,131
149,Rotterdam,2023-02-19,323
150,Amsterdam,2023-02-20,401
151,Groningen,2023-02-20,83
152,Rotterdam,2023-02-20,288
153,Amsterdam,2023-02-21,353
154,Groningen,2023-02-21,95
155,Rotterdam,2023-02-21,272
156,Amsterdam,2023-02-22,370
157,Groningen,2023-02-22,98
158,Rotterdam,2023-02-22,219
159,Amsterdam,2023-02-23,399
160,Groningen,2023-02-23,94
161,Rotterdam,2023-02-23,272
162,Amsterdam,2023-02-24,438
163,Groningen,2023-02-24,129
164,Rotterdam,2023-02-24,364
165,Amsterdam,2023-02-25,401
166,Groningen,2023-02-25,141
167,Rotterdam,2023-02-25,391
168,Amsterdam,2023-02-26,464
169,Groningen,2023-02-26,159
170,Rotterdam,2023-02-26,354
171,Amsterdam,2023-02-27,372
172,Groningen,2023-02-27,89
173,Rotterdam,2023-02-27,245
174,Amsterdam,2023-02-28,316
175,Groningen,2023-02-28,90
176,Rotterdam,2023-02-28,227
177,Amsterdam,2023-03-01,345
178,Groningen,2023-03-01,80
179,Rotterdam,2023-03-01,243
180,Amsterdam,2023-03-02,373
181,Groningen,2023-03-02,95
182,Rotterdam,2023-03-02,260
183,Amsterdam,2023-03-03,405
184,Groningen,2023-03-03,103
185,Rotterdam,2023-03-03,311
186,Amsterdam,2023-03-04,413
187,Groningen,2023-03-04,113
188,Rotterdam,2023-03-04,324
189,Amsterdam,2023-03-05,442
190,Groningen,2023-03-05,136
191,Rotterdam,2023-03-05,350
192,Amsterdam,2023-03-06,344
193,Groningen,2023-03-06,98
194,Rotterdam,2023-03-06,243
195,Amsterdam,2023-03-07,295
196,Groningen,2023-03-07,78
197,Rotterdam,2023-03-07,230
198,Amsterdam,2023-03-08,344
199,Groningen,2023-03-08,77
200,Rotterdam,2023-03-08,223
201,Amsterdam,2023-03-09,438
202,Groningen,2023-03-09,105
203,Rotterdam,2023-03-09,270
204,Amsterdam,2023-03-10,483
205,Groningen,2023-03-10,140
206,Rotterdam,2023-03-10,345
207,Amsterdam,2023-03-11,442
208,Groningen,2023-03-11,134
209,Rotterdam,2023-03-11,313
210,Amsterdam,2023-03-12,490
211,Groningen,2023-03-12,143
212,Rotterdam,2023-03-12,353
213,Amsterdam,2023-03-13,378
214,Groningen,2023-03-13,101
215,Rotterdam,2023-03-13,233
216,Amsterdam,2023-03-14,314
217,Groningen,2023-03-14,90
218,Rotterdam,2023-03-14,198
219,Amsterdam,2023-03-15,332
220,Groningen,2023-03-15,83
221,Rotterdam,2023-03-15,204
222,Amsterdam,2023-03-16,328
223,Groningen,2023-03-16,110
224,Rotterdam,2023-03-16,227
225,Amsterdam,2023-03-17,354
226,Groningen,2023-03-17,112
227,Rotterdam,2023-03-17,225
228,Amsterdam,2023-03-18,389
229,Groningen,2023-03-18,118
230,Rotterdam,2023-03-18,257
231,Amsterdam,2023-03-19,437
232,Groningen,2023-03-19,153
233,Rotterdam,2023-03-19,332
234,Amsterdam,2023-03-20,411
235,Groningen,2023-03-20,94
236,Rotterdam,2023-03-20,231
237,Amsterdam,2023-03-21,345
238,Groningen,2023-03-21,88
239,Rotterdam,2023-03-21,207
240,Amsterdam,2023-03-22,351
241,Groningen,2023-03-22,84
242,Rotterdam,2023-03-22,257
243,Amsterdam,2023-03-23,377
244,Groningen,2023-03-23,90
245,Rotterdam,2023-03-23,220
246,Amsterdam,2023-03-24,379
247,Groningen,2023-03-24,124
248,Rotterdam,2023-03-24,287
249,Amsterdam,2023-03-25,432
250,Groningen,2023-03-25,140
251,Rotterdam,2023-03-25,321
252,Amsterdam,2023-03-26,424
253,Groningen,2023-03-26,170
254,Rotterdam,2023-03-26,364
255,Amsterdam,2023-03-27,320
256,Groningen,2023-03-27,93
257,Rotterdam,2023-03-27,202
258,Amsterdam,2023-03-28,308
259,Groningen,2023-03-28,87
260,Rotterdam,2023-03-28,201
261,Amsterdam,2023-03-29,330
262,Groningen,2023-03-29,86
263,Rotterdam,2023-03-29,226
264,Amsterdam,2023-03-30,335
265,Groningen,2023-03-30,97
266,Rotterdam,2023-03-30,173
267,Amsterdam,2023-03-31,424
268,Groningen,2023-03-31,117
269,Rotterdam,2023-03-31,303
270,Amsterdam,2023-04-01,409
271,Groningen,2023-04-01,135
272,Rotterdam,2023-04-01,319
273,Amsterdam,2023-04-02,391
274,Groningen,2023-04-02,118
275,Rotterdam,2023-04-02,286
276,Amsterdam,2023-04-03,303
277,Groningen,2023-04-03,76
278,Rotterdam,2023-04-03,200
279,Amsterdam,2023-04-04,294
280,Groningen,2023-04-04,70
281,Rotterdam,2023-04-04,194
282,Amsterdam,2023-04-05,293
283,Groningen,2023-04-05,65
284,Rotterdam,2023-04-05,209
285,Amsterdam,2023-04-06,335
286,Groningen,2023-04-06,87
287,Rotterdam,2023-04-06,261
288,Amsterdam,2023-04-07,325
289,Groningen,2023-04-07,93
290,Rotterdam,2023-04-07,263
291,Amsterdam,2023-04-08,319
292,Groningen,2023-04-08,91
293,Rotterdam,2023-04-08,234
294,Amsterdam,2023-04-09,315
295,Groningen,2023-04-09,103
296,Rotterdam,2023-04-09,244
297,Amsterdam,2023-04-10,397
298,Groningen,2023-04-10,137
299,Rotterdam,2023-04-10,290
300,Amsterdam,2023-04-11,295
301,Groningen,2023-04-11,74
302,Rotterdam,2023-04-11,180
303,Amsterdam,2023-04-12,316
304,Groningen,2023-04-12,64
305,Rotterdam,2023-04-12,170
306,Amsterdam,2023-04-13,303
307,Groningen,2023-04-13,77
308,Rotterdam,2023-04-13,172
309,Amsterdam,2023-04-14,361
310,Groningen,2023-04-14,80
311,Rotterdam,2023-04-14,255
312,Amsterdam,2023-04-15,357
313,Groningen,2023-04-15,114
314,Rotterdam,2023-04-15,234
315,Amsterdam,2023-04-16,361
316,Groningen,2023-04-16,122
317,Rotterdam,2023-04-16,288
318,Amsterdam,2023-04-17,308
319,Groningen,2023-04-17,71
320,Rotterdam,2023-04-17,178
321,Amsterdam,2023-04-18,262
322,Groningen,2023-04-18,72
323,Rotterdam,2023-04-18,180
324,Amsterdam,2023-04-19,313
325,Groningen,2023-04-19,73
326,Rotterdam,2023-04-19,192
327,Amsterdam,2023-04-20,318
328,Groningen,2023-04-20,103
329,Rotterdam,2023-04-20,252
330,Amsterdam,2023-04-21,381
331,Groningen,2023-04-21,103
332,Rotterdam,2023-04-21,282
333,Amsterdam,2023-04-22,436
334,Groningen,2023-04-22,126
335,Rotterdam,2023-04-22,332
336,Amsterdam,2023-04-23,443
337,Groningen,2023-04-23,131
338,Rotterdam,2023-04-23,416
339,Amsterdam,2023-04-24,418
340,Groningen,2023-04-24,97
341,Rotterdam,2023-04-24,253
342,Amsterdam,2023-04-25,341
343,Groningen,2023-04-25,71
344,Rotterdam,2023-04-25,245
345,Amsterdam,2023-04-26,334
346,Groningen,2023-04-26,94
347,Rotterdam,2023-04-26,248
348,Amsterdam,2023-04-27,312
349,Groningen,2023-04-27,117
350,Rotterdam,2023-04-27,292
351,Amsterdam,2023-04-28,506
352,Groningen,2023-04-28,170
353,Rotterdam,2023-04-28,286
354,Amsterdam,2023-04-29,370
355,Groningen,2023-04-29,125
356,Rotterdam,2023-04-29,259
357,Amsterdam,2023-04-30,411
358,Groningen,2023-04-30,150
359,Rotterdam,2023-04-30,298
360,Amsterdam,2023-05-01,317
361,Groningen,2023-05-01,103
362,Rotterdam,2023-05-01,222
363,Amsterdam,2023-05-02,304
364,Groningen,2023-05-02,92
365,Rotterdam,2023-05-02,202
366,Amsterdam,2023-05-03,305
367,Groningen,2023-05-03,80
368,Rotterdam,2023-05-03,220
369,Amsterdam,2023-05-04,365
370,Groningen,2023-05-04,90
371,Rotterdam,2023-05-04,251
372,Amsterdam,2023-05-05,402
373,Groningen,2023-05-05,126
374,Rotterdam,2023-05-05,289
375,Amsterdam,2023-05-06,385
376,Groningen,2023-05-06,124
377,Rotterdam,2023-05-06,297
378,Amsterdam,2023-05-07,458
379,Groningen,2023-05-07,116
380,Rotterdam,2023-05-07,331
381,Amsterdam,2023-05-08,320
382,Groningen,2023-05-08,87
383,Rotterdam,2023-05-08,209
384,Amsterdam,2023-05-09,360
385,Groningen,2023-05-09,67
386,Rotterdam,2023-05-09,193
387,Amsterdam,2023-05-10,314
388,Groningen,2023-05-10,78
389,Rotterdam,2023-05-10,204
390,Amsterdam,2023-05-11,296
391,Groningen,2023-05-11,88
392,Rotterdam,2023-05-11,233
393,Amsterdam,2023-05-12,352
394,Groningen,2023-05-12,106
395,Rotterdam,2023-05-12,240
396,Amsterdam,2023-05-13,317
397,Groningen,2023-05-13,95
398,Rotterdam,2023-05-13,262
399,Amsterdam,2023-05-14,356
400,Groningen,2023-05-14,137
401,Rotterdam,2023-05-14,286
402,Amsterdam,2023-05-15,324
403,Groningen,2023-05-15,86
404,Rotterdam,2023-05-15,261
405,Amsterdam,2023-05-16,288
406,Groningen,2023-05-16,75
407,Rotterdam,2023-05-16,198
408,Amsterdam,2023-05-17,311
409,Groningen,2023-05-17,102
410,Rotterdam,2023-05-17,217
411,Amsterdam,2023-05-18,342
412,Groningen,2023-05-18,101
413,Rotterdam,2023-05-18,244
414,Amsterdam,2023-05-19,330
415,Groningen,2023-05-19,113
416,Rotterdam,2023-05-19,275
417,Amsterdam,2023-05-20,299
418,Groningen,2023-05-20,93
419,Rotterdam,2023-05-20,249
420,Amsterdam,2023-05-21,359
421,Groningen,2023-05-21,136
422,Rotterdam,2023-05-21,283
423,Amsterdam,2023-05-22,299
424,Groningen,2023-05-22,81
425,Rotterdam,2023-05-22,247
426,Amsterdam,2023-05-23,348
427,Groningen,2023-05-23,99
428,Rotterdam,2023-05-23,238
429,Amsterdam,2023-05-24,348
430,Groningen,2023-05-24,122
431,Rotterdam,2023-05-24,250
432,Amsterdam,2023-05-25,338
433,Groningen,2023-05-25,98
434,Rotterdam,2023-05-25,283
435,Amsterdam,2023-05-26,401
436,Groningen,2023-05-26,125
437,Rotterdam,2023-05-26,351
438,Amsterdam,2023-05-27,378
439,Groningen,2023-05-27,107
440,Rotterdam,2023-05-27,313
441,Amsterdam,2023-05-28,373
442,Groningen,2023-05-28,141
443,Rotterdam,2023-05-28,336
444,Amsterdam,2023-05-29,403
445,Groningen,2023-05-29,129
446,Rotterdam,2023-05-29,359
447,Amsterdam,2023-05-30,314
448,Groningen,2023-05-30,89
449,Rotterdam,2023-05-30,282
450,Amsterdam,2023-05-31,285
451,Groningen,2023-05-31,93
452,Rotterdam,2023-05-31,243
453,Amsterdam,2023-06-01,342
454,Groningen,2023-06-01,106
455,Rotterdam,2023-06-01,219
456,Amsterdam,2023-06-02,322
457,Groningen,2023-06-02,91
458,Rotterdam,2023-06-02,292
459,Amsterdam,2023-06-03,358
460,Groningen,2023-06-03,97
461,Rotterdam,2023-06-03,272
462,Amsterdam,2023-06-04,397
463,Groningen,2023-06-04,118
464,Rotterdam,2023-06-04,326
465,Amsterdam,2023-06-05,339
466,Groningen,2023-06-05,96
467,Rotterdam,2023-06-05,222
468,Amsterdam,2023-06-06,319
469,Groningen,2023-06-06,75
470,Rotterdam,2023-06-06,202
471,Amsterdam,2023-06-07,314
472,Groningen,2023-06-07,85
473,Rotterdam,2023-06-07,208
474,Amsterdam,2023-06-08,291
475,Groningen,2023-06-08,94
476,Rotterdam,2023-06-08,220
477,Amsterdam,2023-06-09,304
478,Groningen,2023-06-09,105
479,Rotterdam,2023-06-09,255
480,Amsterdam,2023-06-10,332
481,Groningen,2023-06-10,103
482,Rotterdam,2023-06-10,295
483,Amsterdam,2023-06-11,401
484,Groningen,2023-06-11,117
485,Rotterdam,2023-06-11,314
486,Amsterdam,2023-06-12,334
487,Groningen,2023-06-12,117
488,Rotterdam,2023-06-12,239
489,Amsterdam,2023-06-13,305
490,Groningen,2023-06-13,80
491,Rotterdam,2023-06-13,213
492,Amsterdam,2023-06-14,306
493,Groningen,2023-06-14,77
494,Rotterdam,2023-06-14,209
495,Amsterdam,2023-06-15,280
496,Groningen,2023-06-15,75
497,Rotterdam,2023-06-15,239
498,Amsterdam,2023-06-16,306
499,Groningen,2023-06-16,93
500,Rotterdam,2023-06-16,256
501,Amsterdam,2023-06-17,347
502,Groningen,2023-06-17,83
503,Rotterdam,2023-06-17,269
504,Amsterdam,2023-06-18,405
505,Groningen,2023-06-18,116
506,Rotterdam,2023-06-18,321
507,Amsterdam,2023-06-19,311
508,Groningen,2023-06-19,82
509,Rotterdam,2023-06-19,214
510,Amsterdam,2023-06-20,368
511,Groningen,2023-06-20,87
512,Rotterdam,2023-06-20,289
513,Amsterdam,2023-06-21,344
514,Groningen,2023-06-21,89
515,Rotterdam,2023-06-21,241
516,Amsterdam,2023-06-22,336
517,Groningen,2023-06-22,73
518,Rotterdam,2023-06-22,301
519,Amsterdam,2023-06-23,357
520,Groningen,2023-06-23,92
521,Rotterdam,2023-06-23,322
522,Amsterdam,2023-06-24,388
523,Groningen,2023-06-24,127
524,Rotterdam,2023-06-24,325
525,Amsterdam,2023-06-25,381
526,Groningen,2023-06-25,143
527,Rotterdam,2023-06-25,359
528,Amsterdam,2023-06-26,345
529,Groningen,2023-06-26,99
530,Rotterdam,2023-06-26,257
531,Amsterdam,2023-06-27,318
532,Groningen,2023-06-27,93
533,Rotterdam,2023-06-27,229
534,Amsterdam,2023-06-28,310
535,Groningen,2023-06-28,93
536,Rotterdam,2023-06-28,283
537,Amsterdam,2023-06-29,330
538,Groningen,2023-06-29,126
539,Rotterdam,2023-06-29,249
540,Amsterdam,2023-06-30,384
541,Groningen,2023-06-30,141
542,Rotterdam,2023-06-30,290
543,Amsterdam,2023-07-01,412
544,Groningen,2023-07-01,107
545,Rotterdam,2023-07-01,303
546,Amsterdam,2023-07-02,382
547,Groningen,2023-07-02,124
548,Rotterdam,2023-07-02,299
549,Amsterdam,2023-07-03,344
550,Groningen,2023-07-03,105
551,Rotterdam,2023-07-03,264
552,Amsterdam,2023-07-04,316
553,Groningen,2023-07-04,83
554,Rotterdam,2023-07-04,235
555,Amsterdam,2023-07-05,322
556,Groningen,2023-07-05,101
557,Rotterdam,2023-07-05,247
558,Amsterdam,2023-07-06,333
559,Groningen,2023-07-06,97
560,Rotterdam,2023-07-06,209
561,Amsterdam,2023-07-07,338
562,Groningen,2023-07-07,104
563,Rotterdam,2023-07-07,259
564,Amsterdam,2023-07-08,376
565,Groningen,2023-07-08,123
566,Rotterdam,2023-07-08,304
567,Amsterdam,2023-07-09,418
568,Groningen,2023-07-09,149
569,Rotterdam,2023-07-09,346
570,Amsterdam,2023-07-10,335
571,Groningen,2023-07-10,87
572,Rotterdam,2023-07-10,266
573,Amsterdam,2023-07-11,285
574,Groningen,2023-07-11,70
575,Rotterdam,2023-07-11,223
576,Amsterdam,2023-07-12,317
577,Groningen,2023-07-12,68
578,Rotterdam,2023-07-12,217
579,Amsterdam,2023-07-13,282
580,Groningen,2023-07-13,80
581,Rotterdam,2023-07-13,212
582,Amsterdam,2023-07-14,329
583,Groningen,2023-07-14,99
584,Rotterdam,2023-07-14,244
585,Amsterdam,2023-07-15,336
586,Groningen,2023-07-15,115
587,Rotterdam,2023-07-15,274
588,Amsterdam,2023-07-16,384
589,Groningen,2023-07-16,112
590,Rotterdam,2023-07-16,283
591,Amsterdam,2023-07-17,331
592,Groningen,2023-07-17,86
593,Rotterdam,2023-07-17,214
594,Amsterdam,2023-07-18,308
595,Groningen,2023-07-18,85
596,Rotterdam,2023-07-18,185
597,Amsterdam,2023-07-19,329
598,Groningen,2023-07-19,87
599,Rotterdam,2023-07-19,215
600,Amsterdam,2023-07-20,354
601,Groningen,2023-07-20,95
602,Rotterdam,2023-07-20,226
603,Amsterdam,2023-07-21,357
604,Groningen,2023-07-21,128
605,Rotterdam,2023-07-21,274
606,Amsterdam,2023-07-22,379
607,Groningen,2023-07-22,100
608,Rotterdam,2023-07-22,330
609,Amsterdam,2023-07-23,393
610,Groningen,2023-07-23,139
611,Rotterdam,2023-07-23,335
612,Amsterdam,2023-07-24,351
613,Groningen,2023-07-24,97
614,Rotterdam,2023-07-24,289
615,Amsterdam,2023-07-25,296
616,Groningen,2023-07-25,69
617,Rotterdam,2023-07-25,258
618,Amsterdam,2023-07-26,293
619,Groningen,2023-07-26,89
620,Rotterdam,2023-07-26,227
621,Amsterdam,2023-07-27,351
622,Groningen,2023-07-27,89
623,Rotterdam,2023-07-27,293
624,Amsterdam,2023-07-28,355
625,Groningen,2023-07-28,125
626,Rotterdam,2023-07-28,289
627,Amsterdam,2023-07-29,360
628,Groningen,2023-07-29,105
629,Rotterdam,2023-07-29,298
630,Amsterdam,2023-07-30,348
631,Groningen,2023-07-30,124
632,Rotterdam,2023-07-30,358
633,Amsterdam,2023-07-31,362
634,Groningen,2023-07-31,80
635,Rotterdam,2023-07-31,279
636,Amsterdam,2023-08-01,325
637,Groningen,2023-08-01,85
638,Rotterdam,2023-08-01,235
639,Amsterdam,2023-08-02,344
640,Groningen,2023-08-02,66
641,Rotterdam,2023-08-02,209
642,Amsterdam,2023-08-03,347
643,Groningen,2023-08-03,93
644,Rotterdam,2023-08-03,222
645,Amsterdam,2023-08-04,313
646,Groningen,2023-08-04,108
647,Rotterdam,2023-08-04,267
648,Amsterdam,2023-08-05,335
649,Groningen,2023-08-05,125
650,Rotterdam,2023-08-05,300
651,Amsterdam,2023-08-06,446
652,Groningen,2023-08-06,123
653,Rotterdam,2023-08-06,324
654,Amsterdam,2023-08-07,339
655,Groningen,2023-08-07,86
656,Rotterdam,2023-08-07,234
657,Amsterdam,2023-08-08,294
658,Groningen,2023-08-08,66
659,Rotterdam,2023-08-08,213
660,Amsterdam,2023-08-09,295
661,Groningen,2023-08-09,76
662,Rotterdam,2023-08-09,213
663,Amsterdam,2023-08-10,278
664,Groningen,2023-08-10,83
665,Rotterdam,2023-08-10,188
666,Amsterdam,2023-08-11,325
667,Groningen,2023-08-11,101
668,Rotterdam,2023-08-11,251
669,Amsterdam,2023-08-12,275
670,Groningen,2023-08-12,100
671,Rotterdam,2023-08-12,233
672,Amsterdam,2023-08-13,309
673,Groningen,2023-08-13,109
674,Rotterdam,2023-08-13,289
675,Amsterdam,2023-08-14,310
676,Groningen,2023-08-14,84
677,Rotterdam,2023-08-14,198
678,Amsterdam,2023-08-15,255
679,Groningen,2023-08-15,62
680,Rotterdam,2023-08-15,202
681,Amsterdam,2023-08-16,267
682,Groningen,2023-08-16,65
683,Rotterdam,2023-08-16,204
684,Amsterdam,2023-08-17,259
685,Groningen,2023-08-17,84
686,Rotterdam,2023-08-17,218
687,Amsterdam,2023-08-18,297
688,Groningen,2023-08-18,79
689,Rotterdam,2023-08-18,273
690,Amsterdam,2023-08-19,277
691,Groningen,2023-08-19,114
692,Rotterdam,2023-08-19,234
693,Amsterdam,2023-08-20,285
694,Groningen,2023-08-20,85
695,Rotterdam,2023-08-20,263
696,Amsterdam,2023-08-21,313
697,Groningen,2023-08-21,71
698,Rotterdam,2023-08-21,215
699,Amsterdam,2023-08-22,247
700,Groningen,2023-08-22,74
701,Rotterdam,2023-08-22,219
702,Amsterdam,2023-08-23,255
703,Groningen,2023-08-23,96
704,Rotterdam,2023-08-23,181
705,Amsterdam,2023-08-24,278
706,Groningen,2023-08-24,92
707,Rotterdam,2023-08-24,215
708,Amsterdam,2023-08-25,329
709,Groningen,2023-08-25,106
710,Rotterdam,2023-08-25,260
711,Amsterdam,2023-08-26,335
712,Groningen,2023-08-26,86
713,Rotterdam,2023-08-26,270
714,Amsterdam,2023-08-27,360
715,Groningen,2023-08-27,113
716,Rotterdam,2023-08-27,305
717,Amsterdam,2023-08-28,272
718,Groningen,2023-08-28,93
719,Rotterdam,2023-08-28,237
720,Amsterdam,2023-08-29,265
721,Groningen,2023-08-29,81
722,Rotterdam,2023-08-29,185
723,Amsterdam,2023-08-30,264
724,Groningen,2023-08-30,91
725,Rotterdam,2023-08-30,210
726,Amsterdam,2023-08-31,294
727,Groningen,2023-08-31,106
728,Rotterdam,2023-08-31,194
729,Amsterdam,2023-09-01,367
730,Groningen,2023-09-01,106
731,Rotterdam,2023-09-01,253
732,Amsterdam,2023-09-02,316
733,Groningen,2023-09-02,96
734,Rotterdam,2023-09-02,289
735,Amsterdam,2023-09-03,335
736,Groningen,2023-09-03,107
737,Rotterdam,2023-09-03,249
738,Amsterdam,2023-09-04,256
739,Groningen,2023-09-04,67
740,Rotterdam,2023-09-04,185
741,Amsterdam,2023-09-05,251
742,Groningen,2023-09-05,67
743,Rotterdam,2023-09-05,146
744,Amsterdam,2023-09-06,237
745,Groningen,2023-09-06,65
746,Rotterdam,2023-09-06,196
747,Amsterdam,2023-09-07,239
748,Groningen,2023-09-07,68
749,Rotterdam,2023-09-07,193
750,Amsterdam,2023-09-08,278
751,Groningen,2023-09-08,109
752,Rotterdam,2023-09-08,240
753,Amsterdam,2023-09-09,270
754,Groningen,2023-09-09,105
755,Rotterdam,2023-09-09,257
756,Amsterdam,2023-09-10,335
757,Groningen,2023-09-10,88
758,Rotterdam,2023-09-10,285
759,Amsterdam,2023-09-11,251
760,Groningen,2023-09-11,61
761,Rotterdam,2023-09-11,209
762,Amsterdam,2023-09-12,218
763,Groningen,2023-09-12,58
764,Rotterdam,2023-09-12,145
765,Amsterdam,2023-09-13,237
766,Groningen,2023-09-13,62
767,Rotterdam,2023-09-13,165
768,Amsterdam,2023-09-14,246
769,Groningen,2023-09-14,67
770,Rotterdam,2023-09-14,179
771,Amsterdam,2023-09-15,304
772,Groningen,2023-09-15,86
773,Rotterdam,2023-09-15,218
774,Amsterdam,2023-09-16,273
775,Groningen,2023-09-16,89
776,Rotterdam,2023-09-16,237
777,Amsterdam,2023-09-17,313
778,Groningen,2023-09-17,118
779,Rotterdam,2023-09-17,261
780,Amsterdam,2023-09-18,276
781,Groningen,2023-09-18,72
782,Rotterdam,2023-09-18,191
783,Amsterdam,2023-09-19,254
784,Groningen,2023-09-19,81
785,Rotterdam,2023-09-19,168
786,Amsterdam,2023-09-20,270
787,Groningen,2023-09-20,80
788,Rotterdam,2023-09-20,189
789,Amsterdam,2023-09-21,317
790,Groningen,2023-09-21,94
791,Rotterdam,2023-09-21,231
792,Amsterdam,2023-09-22,352
793,Groningen,2023-09-22,116
794,Rotterdam,2023-09-22,295
795,Amsterdam,2023-09-23,362
796,Groningen,2023-09-23,102
797,Rotterdam,2023-09-23,324
798,Amsterdam,2023-09-24,367
799,Groningen,2023-09-24,124
800,Rotterdam,2023-09-24,283
801,Amsterdam,2023-09-25,305
802,Groningen,2023-09-25,94
803,Rotterdam,2023-09-25,212
804,Amsterdam,2023-09-26,245
805,Groningen,2023-09-26,72
806,Rotterdam,2023-09-26,221
807,Amsterdam,2023-09-27,280
808,Groningen,2023-09-27,88
809,Rotterdam,2023-09-27,229
810,Amsterdam,2023-09-28,264
811,Groningen,2023-09-28,77
812,Rotterdam,2023-09-28,203
813,Amsterdam,2023-09-29,304
814,Groningen,2023-09-29,103
815,Rotterdam,2023-09-29,256
816,Amsterdam,2023-09-30,322
817,Groningen,2023-09-30,116
818,Rotterdam,2023-09-30,286
819,Amsterdam,2023-10-01,344
820,Groningen,2023-10-01,141
821,Rotterdam,2023-10-01,314
822,Amsterdam,2023-10-02,314
823,Groningen,2023-10-02,84
824,Rotterdam,2023-10-02,210
825,Amsterdam,2023-10-03,254
826,Groningen,2023-10-03,63
827,Rotterdam,2023-10-03,188
828,Amsterdam,2023-10-04,252
829,Groningen,2023-10-04,94
830,Rotterdam,2023-10-04,209
831,Amsterdam,2023-10-05,309
832,Groningen,2023-10-05,85
833,Rotterdam,2023-10-05,224
834,Amsterdam,2023-10-06,322
835,Groningen,2023-10-06,106
836,Rotterdam,2023-10-06,257
837,Amsterdam,2023-10-07,287
838,Groningen,2023-10-07,105
839,Rotterdam,2023-10-07,282
840,Amsterdam,2023-10-08,355
841,Groningen,2023-10-08,121
842,Rotterdam,2023-10-08,296
843,Amsterdam,2023-10-09,280
844,Groningen,2023-10-09,76
845,Rotterdam,2023-10-09,189
846,Amsterdam,2023-10-10,240
847,Groningen,2023-10-10,81
848,Rotterdam,2023-10-10,177
849,Amsterdam,2023-10-11,274
850,Groningen,2023-10-11,82
851,Rotterdam,2023-10-11,189
852,Amsterdam,2023-10-12,292
853,Groningen,2023-10-12,74
854,Rotterdam,2023-10-12,236
855,Amsterdam,2023-10-13,332
856,Groningen,2023-10-13,122
857,Rotterdam,2023-10-13,304
858,Amsterdam,2023-10-14,330
859,Groningen,2023-10-14,109
860,Rotterdam,2023-10-14,270
861,Amsterdam,2023-10-15,353
862,Groningen,2023-10-15,120
863,Rotterdam,2023-10-15,286
864,Amsterdam,2023-10-16,302
865,Groningen,2023-10-16,74
866,Rotterdam,2023-10-16,210
867,Amsterdam,2023-10-17,261
868,Groningen,2023-10-17,69
869,Rotterdam,2023-10-17,195
870,Amsterdam,2023-10-18,284
871,Groningen,2023-10-18,82
872,Rotterdam,2023-10-18,184
873,Amsterdam,2023-10-19,303
874,Groningen,2023-10-19,88
875,Rotterdam,2023-10-19,222
876,Amsterdam,2023-10-20,449
877,Groningen,2023-10-20,182
878,Rotterdam,2023-10-20,323
879,Amsterdam,2023-10-21,483
880,Groningen,2023-10-21,144
881,Rotterdam,2023-10-21,360
882,Amsterdam,2023-10-22,453
883,Groningen,2023-10-22,135
884,Rotterdam,2023-10-22,303
885,Amsterdam,2023-10-23,395
886,Groningen,2023-10-23,95
887,Rotterdam,2023-10-23,231
888,Amsterdam,2023-10-24,311
889,Groningen,2023-10-24,100
890,Rotterdam,2023-10-24,204
891,Amsterdam,2023-10-25,341
892,Groningen,2023-10-25,83
893,Rotterdam,2023-10-25,269
894,Amsterdam,2023-10-26,342
895,Groningen,2023-10-26,89
896,Rotterdam,2023-10-26,261
897,Amsterdam,2023-10-27,368
898,Groningen,2023-10-27,120
899,Rotterdam,2023-10-27,281
900,Amsterdam,2023-10-28,379
901,Groningen,2023-10-28,138
902,Rotterdam,2023-10-28,345
903,Amsterdam,2023-10-29,412
904,Groningen,2023-10-29,159
905,Rotterdam,2023-10-29,404
906,Amsterdam,2023-10-30,341
907,Groningen,2023-10-30,110
908,Rotterdam,2023-10-30,228
909,Amsterdam,2023-10-31,316
910,Groningen,2023-10-31,67
911,Rotterdam,2023-10-31,217
912,Amsterdam,2023-11-01,292
913,Groningen,2023-11-01,91
914,Rotterdam,2023-11-01,226
915,Amsterdam,2023-11-02,270
916,Groningen,2023-11-02,85
917,Rotterdam,2023-11-02,190
918,Amsterdam,2023-11-03,342
919,Groningen,2023-11-03,100
920,Rotterdam,2023-11-03,266
921,Amsterdam,2023-11-04,374
922,Groningen,2023-11-04,146
923,Rotterdam,2023-11-04,329
924,Amsterdam,2023-11-05,415
925,Groningen,2023-11-05,139
926,Rotterdam,2023-11-05,341
927,Amsterdam,2023-11-06,324
928,Groningen,2023-11-06,109
929,Rotterdam,2023-11-06,203
930,Amsterdam,2023-11-07,253
931,Groningen,2023-11-07,68
932,Rotterdam,2023-11-07,199
933,Amsterdam,2023-11-08,336
934,Groningen,2023-11-08,91
935,Rotterdam,2023-11-08,229
936,Amsterdam,2023-11-09,311
937,Groningen,2023-11-09,94
938,Rotterdam,2023-11-09,250
939,Amsterdam,2023-11-10,371
940,Groningen,2023-11-10,95
941,Rotterdam,2023-11-10,314
942,Amsterdam,2023-11-11,343
943,Groningen,2023-11-11,112
944,Rotterdam,2023-11-11,293
945,Amsterdam,2023-11-12,333
946,Groningen,2023-11-12,137
947,Rotterdam,2023-11-12,316
948,Amsterdam,2023-11-13,310
949,Groningen,2023-11-13,77
950,Rotterdam,2023-11-13,225
951,Amsterdam,2023-11-14,284
952,Groningen,2023-11-14,72
953,Rotterdam,2023-11-14,204
954,Amsterdam,2023-11-15,287
955,Groningen,2023-11-15,90
956,Rotterdam,2023-11-15,194
957,Amsterdam,2023-11-16,282
958,Groningen,2023-11-16,86
959,Rotterdam,2023-11-16,209
960,Amsterdam,2023-11-17,323
961,Groningen,2023-11-17,93
962,Rotterdam,2023-11-17,224
963,Amsterdam,2023-11-18,368
964,Groningen,2023-11-18,118
965,Rotterdam,2023-11-18,297
966,Amsterdam,2023-11-19,328
967,Groningen,2023-11-19,144
968,Rotterdam,2023-11-19,290
969,Amsterdam,2023-11-20,330
970,Groningen,2023-11-20,90
971,Rotterdam,2023-11-20,222
972,Amsterdam,2023-11-21,304
973,Groningen,2023-11-21,83
974,Rotterdam,2023-11-21,232
975,Amsterdam,2023-11-22,246
976,Groningen,2023-11-22,101
977,Rotterdam,2023-11-22,221
978,Amsterdam,2023-11-23,285
979,Groningen,2023-11-23,105
980,Rotterdam,2023-11-23,211
981,Amsterdam,2023-11-24,415
982,Groningen,2023-11-24,143
983,Rotterdam,2023-11-24,352
984,Amsterdam,2023-11-25,393
985,Groningen,2023-11-25,138
986,Rotterdam,2023-11-25,438
987,Amsterdam,2023-11-26,438
988,Groningen,2023-11-26,160
989,Rotterdam,2023-11-26,369
990,Amsterdam,2023-11-27,355
991,Groningen,2023-11-27,113
992,Rotterdam,2023-11-27,255
993,Amsterdam,2023-11-28,285
994,Groningen,2023-11-28,77
995,Rotterdam,2023-11-28,241
996,Amsterdam,2023-11-29,367
997,Groningen,2023-11-29,101
998,Rotterdam,2023-11-29,249
999,Amsterdam,2023-11-30,305
1000,Groningen,2023-11-30,95
1001,Rotterdam,2023-11-30,222
1002,Amsterdam,2023-12-01,343
1003,Groningen,2023-12-01,101
1004,Rotterdam,2023-12-01,301
1005,Amsterdam,2023-12-02,330
1006,Groningen,2023-12-02,132
1007,Rotterdam,2023-12-02,352
1008,Amsterdam,2023-12-03,391
1009,Groningen,2023-12-03,133
1010,Rotterdam,2023-12-03,340
1011,Amsterdam,2023-12-04,305
1012,Groningen,2023-12-04,101
1013,Rotterdam,2023-12-04,235
1014,Amsterdam,2023-12-05,330
1015,Groningen,2023-12-05,110
1016,Rotterdam,2023-12-05,247
1017,Amsterdam,2023-12-06,313
1018,Groningen,2023-12-06,83
1019,Rotterdam,2023-12-06,250
1020,Amsterdam,2023-12-07,298
1021,Groningen,2023-12-07,95
1022,Rotterdam,2023-12-07,257
1023,Amsterdam,2023-12-08,374
1024,Groningen,2023-12-08,105
1025,Rotterdam,2023-12-08,324
1026,Amsterdam,2023-12-09,461
1027,Groningen,2023-12-09,145
1028,Rotterdam,2023-12-09,380
1029,Amsterdam,2023-12-10,469
1030,Groningen,2023-12-10,140
1031,Rotterdam,2023-12-10,388
1032,Amsterdam,2023-12-11,320
1033,Groningen,2023-12-11,82
1034,Rotterdam,2023-12-11,240
1035,Amsterdam,2023-12-12,295
1036,Groningen,2023-12-12,89
1037,Rotterdam,2023-12-12,221
1038,Amsterdam,2023-12-13,290
1039,Groningen,2023-12-13,103
1040,Rotterdam,2023-12-13,214
1041,Amsterdam,2023-12-14,304
1042,Groningen,2023-12-14,93
1043,Rotterdam,2023-12-14,233
1044,Amsterdam,2023-12-15,346
1045,Groningen,2023-12-15,102
1046,Rotterdam,2023-12-15,256
1047,Amsterdam,2023-12-16,346
1048,Groningen,2023-12-16,97
1049,Rotterdam,2023-12-16,306
1050,Amsterdam,2023-12-17,389
1051,Groningen,2023-12-17,121
1052,Rotterdam,2023-12-17,306
1053,Amsterdam,2023-12-18,290
1054,Groningen,2023-12-18,80
1055,Rotterdam,2023-12-18,229
1056,Amsterdam,2023-12-19,277
1057,Groningen,2023-12-19,90
1058,Rotterdam,2023-12-19,233
1059,Amsterdam,2023-12-20,334
1060,Groningen,2023-12-20,130
1061,Rotterdam,2023-12-20,272
1062,Amsterdam,2023-12-21,382
1063,Groningen,2023-12-21,141
1064,Rotterdam,2023-12-21,332
1065,Amsterdam,2023-12-22,446
1066,Groningen,2023-12-22,137
1067,Rotterdam,2023-12-22,325
1068,Amsterdam,2023-12-23,410
1069,Groningen,2023-12-23,119
1070,Rotterdam,2023-12-23,316
1071,Amsterdam,2023-12-24,317
1072,Groningen,2023-12-24,108
1073,Rotterdam,2023-12-24,260
1074,Amsterdam,2023-12-25,267
1075,Groningen,2023-12-25,79
1076,Rotterdam,2023-12-25,238
1077,Amsterdam,2023-12-26,303
1078,Groningen,2023-12-26,92
1079,Rotterdam,2023-12-26,248
1080,Amsterdam,2023-12-27,306
1081,Groningen,2023-12-27,90
1082,Rotterdam,2023-12-27,255
1083,Amsterdam,2023-12-28,327
1084,Groningen,2023-12-28,122
1085,Rotterdam,2023-12-28,236
1086,Amsterdam,2023-12-29,369
1087,Groningen,2023-12-29,96
1088,Rotterdam,2023-12-29,280
1089,Amsterdam,2023-12-30,341
1090,Groningen,2023-12-30,93
1091,Rotterdam,2023-12-30,268
1092,Amsterdam,2023-12-31,262
1093,Groningen,2023-12-31,76
1094,Rotterdam,2023-12-31,208
